Workbook

Sheet PivotCharts
A3: Row Labels | B3: Sum of Revenue
A4: Jan | B4: 1269000
A5: Feb | B5: 1111500
A6: Mar | B6: 1182000
A7: Apr | B7: 1011000
A8: May | B8: 1263400
A9: Jun | B9: 1266500
A10: Jul | B10: 618000
A11: Grand Total | B11: 7721400

Sheet SalesData
A1: Order ID | B1: Date | C1: Salesperson | D1: Region | E1: Category | F1: Product | G1: Unit Sold | H1: Unit Price | I1: Revenue
A2: ORD001 | B2: 45659 | C2: Rahul Sharma | D2: North | E2: Electronics | F2: Laptop | G2: 5 | H2: 55000 | I2: =G2*H2 -> 275000
A3: ORD002 | B3: 45662 | C3: Priya Singh | D3: South | E3: Electronics | F3: Mobile | G3: 12 | H3: 18000 | I3: =G3*H3 -> 216000
A4: ORD003 | B4: 45665 | C4: Amit Patel | D4: West | E4: Furniture | F4: Office Chair | G4: 8 | H4: 8500 | I4: =G4*H4 -> 68000
A5: ORD004 | B5: 45667 | C5: Neha Gupta | D5: East | E5: Electronics | F5: Tablet | G5: 6 | H5: 25000 | I5: =G5*H5 -> 150000
A6: ORD005 | B6: 45671 | C6: Rahul Sharma | D6: North | E6: Furniture | F6: Study Table | G6: 4 | H6: 12000 | I6: =G6*H6 -> 48000
A7: ORD006 | B7: 45675 | C7: Priya Singh | D7: South | E7: Clothing | F7: Formal Wear | G7: 20 | H7: 2500 | I7: =G7*H7 -> 50000
A8: ORD007 | B8: 45679 | C8: Vikram Joshi | D8: West | E8: Electronics | F8: Laptop | G8: 3 | H8: 55000 | I8: =G8*H8 -> 165000
A9: ORD008 | B9: 45683 | C9: Neha Gupta | D9: East | E9: Clothing | F9: Casual Wear | G9: 15 | H9: 1800 | I9: =G9*H9 -> 27000
A10: ORD009 | B10: 45686 | C10: Amit Patel | D10: West | E10: Electronics | F10: Mobile | G10: 10 | H10: 18000 | I10: =G10*H10 -> 180000
A11: ORD010 | B11: 45688 | C11: Sonia Mehta | D11: North | E11: Furniture | F11: Sofa Set | G11: 2 | H11: 45000 | I11: =G11*H11 -> 90000
A12: ORD011 | B12: 45691 | C12: Rahul Sharma | D12: North | E12: Electronics | F12: Mobile | G12: 8 | H12: 18000 | I12: =G12*H12 -> 144000
A13: ORD012 | B13: 45695 | C13: Priya Singh | D13: South | E13: Furniture | F13: Office Chair | G13: 6 | H13: 8500 | I13: =G13*H13 -> 51000
... A51: ORD050 | B51: 45848 | C51: Neha Gupta | D51: East | E51: Electronics | F51: Laptop | G51: 6 | H51: 55000 | I51: =G51*H51 -> 330000

Sheet Targets
A1: Month | B1: Revenue Target
A2: Jan | B2: 1200000
A3: Feb | B3: 1150000
A4: Mar | B4: 1100000
A5: Apr | B5: 1050000
A6: May | B6: 1300000
A7: Jun | B7: 1200000
A8: Jul | B8: 700000

Sheet Dashboard
A1: Sales Performance Dashboard 2025
A2: Month | B2: All | C2: Region | D2: All | E2: Category | F2: All
B3: Total Revenue | D3: Total Units Sold | F3: Avg Order Value | H3: Top Salesperson
B4: =SUMIFS(SalesData!I2:I51,SalesData!D2:D51,IF(D2="All","*",D2),SalesData!E2:E51,IF(F2="All","*",F2)) -> 7721400 | D4: =SUMIFS(SalesData!G2:G51,SalesData!D2:D51,IF(D2="All","*",D2),SalesData!E2:E51,IF(F2="All","*",F2)) -> 537 | F4: =IFERROR(B4/COUNTIFS(SalesData!D2:D51,IF(D2="All","*",D2),SalesData!E2:E51,IF(F2="All","*",F2)),0) -> 154428 | H4: =INDEX(Analysis!D2:D6,MATCH(MAX(Analysis!E2:E6),Analysis!E2:E6,0)) -> Priya Singh
D42: Made By Prabhgun Kaur . 2025

Sheet Analysis
A1: Region | B1: Total Revenue | D1: Salesperson | E1: Total Revenue | F1: Rank | H1: Month | I1: Actual Revenue | J1: Target | K1: Achievement %
A2: North | B2: {=SUMPRODUCT((tblSales[Region]="North")*IF(Dashboard!D2="All",1,tblSales[Region]=Dashboard!D2)*IF(Dashboard!F2="All",1,tblSales[Category]=Dashboard!F2)*tblSales[Revenue])} -> 2067000 | D2: Priya Singh | E2: {=SUMPRODUCT((tblSales[Salesperson]="Priya Singh")*IF(Dashboard!D2="All",1,tblSales[Region]=Dashboard!D2)*IF(Dashboard!F2="All",1,tblSales[Category]=Dashboard!F2)*tblSales[Revenue])} -> 1407400 | F2: =RANK(E2,$E$2:$E$6,0) -> 1 | H2: Jan | I2: {=SUMPRODUCT((MONTH(tblSales[Date])=1)*IF(Dashboard!D2="All",1,tblSales[Region]=Dashboard!D2)*IF(Dashboard!F2="All",1,tblSales[Category]=Dashboard!F2)*tblSales[Revenue])} -> 1269000 | J2: =VLOOKUP(H2,tblTargets[],2,0) -> 1200000 | K2: =IFERROR(I2/J2,"No Data") -> 1.0575
A3: South | B3: {=SUMPRODUCT((tblSales[Region]="South")*IF(Dashboard!D2="All",1,tblSales[Region]=Dashboard!D2)*IF(Dashboard!F2="All",1,tblSales[Category]=Dashboard!F2)*tblSales[Revenue])} -> 1407400 | D3: Vikram Joshi | E3: {=SUMPRODUCT((tblSales[Salesperson]="Vikram Joshi")*IF(Dashboard!D2="All",1,tblSales[Region]=Dashboard!D2)*IF(Dashboard!F2="All",1,tblSales[Category]=Dashboard!F2)*tblSales[Revenue])} -> 1385000 | F3: =RANK(E3,$E$2:$E$6,0) -> 2 | H3: Feb | I3: {=SUMPRODUCT((MONTH(tblSales[Date])=2)*IF(Dashboard!D2="All",1,tblSales[Region]=Dashboard!D2)*IF(Dashboard!F2="All",1,tblSales[Category]=Dashboard!F2)*tblSales[Revenue])} -> 1111500 | J3: =VLOOKUP(H3,tblTargets[],2,0) -> 1150000 | K3: =IFERROR(I3/J3,"No Data") -> 0.96652174
A4: East | B4: {=SUMPRODUCT((tblSales[Region]="East")*IF(Dashboard!D2="All",1,tblSales[Region]=Dashboard!D2)*IF(Dashboard!F2="All",1,tblSales[Category]=Dashboard!F2)*tblSales[Revenue])} -> 1550000 | D4: Sonia Mehta | E4: {=SUMPRODUCT((tblSales[Salesperson]="Sonia Mehta")*IF(Dashboard!D2="All",1,tblSales[Region]=Dashboard!D2)*IF(Dashboard!F2="All",1,tblSales[Category]=Dashboard!F2)*tblSales[Revenue])} -> 1221000 | F4: =RANK(E4,$E$2:$E$6,0) -> 3 | H4: Mar | I4: {=SUMPRODUCT((MONTH(tblSales[Date])=3)*IF(Dashboard!D2="All",1,tblSales[Region]=Dashboard!D2)*IF(Dashboard!F2="All",1,tblSales[Category]=Dashboard!F2)*tblSales[Revenue])} -> 1182000 | J4: =VLOOKUP(H4,tblTargets[],2,0) -> 1100000 | K4: =IFERROR(I4/J4,"No Data") -> 1.0745455
A5: West | B5: {=SUMPRODUCT((tblSales[Region]="West")*IF(Dashboard!D2="All",1,tblSales[Region]=Dashboard!D2)*IF(Dashboard!F2="All",1,tblSales[Category]=Dashboard!F2)*tblSales[Revenue])} -> 2457000 | D5: Rahul Sharma | E5: {=SUMPRODUCT((tblSales[Salesperson]="Rahul Sharma")*IF(Dashboard!D2="All",1,tblSales[Region]=Dashboard!D2)*IF(Dashboard!F2="All",1,tblSales[Category]=Dashboard!F2)*tblSales[Revenue])} -> 1086000 | F5: =RANK(E5,$E$2:$E$6,0) -> 4 | H5: Apr | I5: {=SUMPRODUCT((MONTH(tblSales[Date])=4)*IF(Dashboard!D2="All",1,tblSales[Region]=Dashboard!D2)*IF(Dashboard!F2="All",1,tblSales[Category]=Dashboard!F2)*tblSales[Revenue])} -> 1011000 | J5: =VLOOKUP(H5,tblTargets[],2,0) -> 1050000 | K5: =IFERROR(I5/J5,"No Data") -> 0.96285714
D6: Amit Patel | E6: {=SUMPRODUCT((tblSales[Salesperson]="Amit Patel")*IF(Dashboard!D2="All",1,tblSales[Region]=Dashboard!D2)*IF(Dashboard!F2="All",1,tblSales[Category]=Dashboard!F2)*tblSales[Revenue])} -> 1072000 | F6: =RANK(E6,$E$2:$E$6,0) -> 5 | H6: May | I6: {=SUMPRODUCT((MONTH(tblSales[Date])=5)*IF(Dashboard!D2="All",1,tblSales[Region]=Dashboard!D2)*IF(Dashboard!F2="All",1,tblSales[Category]=Dashboard!F2)*tblSales[Revenue])} -> 1263400 | J6: =VLOOKUP(H6,tblTargets[],2,0) -> 1300000 | K6: =IFERROR(I6/J6,"No Data") -> 0.97184615
H7: Jun | I7: {=SUMPRODUCT((MONTH(tblSales[Date])=6)*IF(Dashboard!D2="All",1,tblSales[Region]=Dashboard!D2)*IF(Dashboard!F2="All",1,tblSales[Category]=Dashboard!F2)*tblSales[Revenue])} -> 1266500 | J7: =VLOOKUP(H7,tblTargets[],2,0) -> 1200000 | K7: =IFERROR(I7/J7,"No Data") -> 1.0554167
A8: Category | B8: Revenue | H8: Jul | I8: {=SUMPRODUCT((MONTH(tblSales[Date])=7)*IF(Dashboard!D2="All",1,tblSales[Region]=Dashboard!D2)*IF(Dashboard!F2="All",1,tblSales[Category]=Dashboard!F2)*tblSales[Revenue])} -> 618000 | J8: =VLOOKUP(H8,tblTargets[],2,0) -> 700000 | K8: =IFERROR(I8/J8,"No Data") -> 0.88285714
A9: Electronics | B9: {=SUMPRODUCT((tblSales[Category]="Electronics")*IF(Dashboard!D2="All",1,tblSales[Region]=Dashboard!D2)*tblSales[Revenue])} -> 5973000
A10: Furniture | B10: {=SUMPRODUCT((tblSales[Category]="Furniture")*IF(Dashboard!D2="All",1,tblSales[Region]=Dashboard!D2)*tblSales[Revenue])} -> 1219500
A11: Clothing | B11: {=SUMPRODUCT((tblSales[Category]="Clothing")*IF(Dashboard!D2="All",1,tblSales[Region]=Dashboard!D2)*tblSales[Revenue])} -> 528900
